Charmander char@pokemon.com charmander23 1
Pikachu pika@pokemon.com pikachu23 1
Torchic torc@pokemon.com torchic23 1
Rayquaza rayq@pokemon.com rayquaza23 1
Arceaus arce@pokemon.com arceaus23 1
Dialga dial@pokemon.com dialga23 2
Palkia palk@pokemon.com palkia23 2
Regigigas regi@pokemon.com regigigas23 2
Salamance sala@pokemon.com salamance23 2
Raichu raic@pokemon.com raichu23 3
Lucario luca@pokemon.com lucario23 3
Metagross meta@pokemon.com metagross23 4
Articuno arti@pokemon.com articuno23 4
Zapdos zapd@pokemon.com zapdos23 4
Moltres molt@pokemon.com moltres23 4
Lugia lugi@pokemon.com lugia23 4
Hoho hoho@pokemon.com hoho23 4
Kyogre kyog@pokemon.com keyogre23 5
Mudkip mudk@pokemon.com mudkip23 5
Charizard chari@pokemon.com charizard23 5
Insinetor insi@pokemon.com insinetor23 5
Blastoise blast@pokemon.com blastoise23 5
Butterfree butter@pokemon.com butterfree23 5
Rattata ratta@pokemon.com rattata23 5
ekans ekans@pokemon.com ekansekans23 5
Nidoking nidok@pokemon.com nidoking23 1
Nidoqueen nidoq@pokemon.com nidoqueen23 1
Ditto ditto@pokemon.com ditto232323 1
Lapras lapras@pokemon.com laprasthelapras23 1
Magikarp magikarp@pokemon.com magikarp1888 1
Porygon poryg@pokemon.com porygon122 2
Kabutops kabut@pokemon.com kabut232 2
Snorlax snooor@pokemon.com snorlax55 2
Piloswinse pilos@pokemon.com piloswine221 2
Skarmory skarmo@pokemon.com skarmory123 2
Houndour houndour@pokemon.com houndour321 2
Raikou raikou@pokemon.com raikouthunder 3
Entei entei@pokemon.com enterfire 3
Suicune suicune@pokemon.com suicuneice 3
Tyranitar tyranground@pokemon.com tyratinar99 4
Ludicolo mexicanpokemon@pokemon.com mexican11 4
Lombre hombrehombre@pokemon.com mexican 22 4
Seedot seedot@pokemon.com tree2323 4
Pelipper water.bird@pokemon.com water.bird44 4
Gardervoir psychic.tree@pokemon.com flyingplant22 4
Slakoth a.monkey.big@pokemon.com monkeymonkey 5
Slaking the.flojo.monkey@pokemon.com flogomonkey 5
Exploud screaming.monster@pokemon.com screaaam3 5
Nosepass a.big.nose@pokemon.com narizpaso 5
Sharpedo cabeza.tiburon@pokemon.com tiburon 5
Armaldo arma.maldo@pokemon.com armaldowhy 3
Groudon groudon.tierra@pokemon.com didntknowhowtospell 5
Infernape fire.monkey@pokemon.com monkeyonfire 5
Empoleon ice.penguin@pokemon.com cannotfly 5
Roserade a.rose.plant@pokemon.com planteat 5
Shieldon cute.dinosaur@pokemon.com fossil 5
Drifblim a.globo@pokemon.com partofteam 4
Bonsly baby.tree@pokemon.com babytree 4
Gible gible.dragon@pokemon.com thebest 3
Gabite gabite.dragon@pokemon.com thebestbest 3
Garchomp garchomp.dragon@pokemon.com thebestbestbest 3
Togekiss flying.egg@pokemon.com togeegg 3
Durknoir the.bad.ghost@pokemon.com changetime 1
Giratina the.demon.pokemon@pokemon.com underworld 1
Darkrai darkghost@pokemon.com eatyourdreams 1
Victini thelucky@pokemon.com getagoodgrade 1
Serperior grass.snake@pokemon.com forgotaboutit 1
Emboar fire.pig@pokemon.com mystarter 2
Samurott water.idk@pokemon.com neverlikedit 2
Simisage grass.monkey.3@pokemon.com grassmonkey 2
Simisear fire.monkey.3@pokemon.com firemonkey 2
Simipour water.monkey.3@pokemon.com watermonkey 2
Krookodile cocodrilo@pokemon.com darkcoco 2
Darmanitan legendary@pokemon.com firenose 2
Cofagrigus momia@pokemon.com alotofhands 1
Trubbish littletrash@pokemon.com trashpokemon 4
Garbodor bigtrashbag@pokemon.com actualgarbagebag 4
Zoroark likedarkrai@pokemon.com darkraicopy 4
Solosis littlecircle@pokemon.com littlecirculo 5
Duosion littletriangle@pokemon.com nicepoke 5
Reuniclus inmyteam@pokemon.com withhands 5
Vanillish icecream@pokemon.com onescoop 2
Vanilluxe icecream.2@pokemon.com twoscoop 2
Axew anotherdragon@pokemon.com unodos 3
Fraxure anotherdragon.2@pokemon.com unodostres 4
Haxorus anotherdragon.3@pokemon.com five 5
Goluruk titan.pokemon@pokemon.com forgotpassword 3
Durant an.ant@pokemon.com password 3
Red red@pokemon.com redblue23 1
Blue blue@pokemon.com bluered23 2
Brock rock.rock@pokemon.com rocktherock 3
Ash ash.ketchup@pokemon.com gottacatchthemall 4
Misty misty.water@pokemon.com waterice23 5